{
  "mathqa": {
    "name": "mathqa",
    "alias": "mathqa",
    "sample_len": 2000,
    "acc,none": 0.29,
    "acc_stderr,none": 0.010148965501487094,
    "acc_norm,none": 0.2865,
    "acc_norm_stderr,none": 0.01011236891151135
  }
}